--指向当前要使用的数据库
use master
go
--判断当前数据库是否存在
if exists (select * from sysdatabases where name='EFDB')
drop database EFDB --删除数据库
go
--创建数据库
create database EFDB
on primary
(
	--数据库文件的逻辑名
    name='EFDB_data',
    --数据库物理文件名（绝对路径）
    filename='D:\DB\EFDB_data.mdf',
    --数据库文件初始大小
    size=10MB,
    --数据文件增长量
    filegrowth=1MB
)
--创建日志文件
log on
(
    name='EFDB_log',
    filename='D:\DB\EFDB_log.ldf',
    size=2MB,
    filegrowth=1MB
)
go
--创建学员信息数据表
use EFDB
go
if exists (select * from sysobjects where name='Students')
drop table Students
go
create table Students
(
    StudentId int identity(100000,1) ,
    StudentName varchar(20) not null,
    Gender char(2)  not null,
    Birthday smalldatetime  not null,
    StudentIdNo numeric(18,0) not null,--身份证号
    Age int not null,
    PhoneNumber varchar(50),
    StudentAddress varchar(500),
    ClassId int not null  --班级外键
)
go
--创建班级表
if exists(select * from sysobjects where name='StudentClass')
drop table StudentClass
go
create table StudentClass
(
	ClassId int primary key,
    ClassName varchar(20) not null
)
go
--创建成绩表
if exists(select * from sysobjects where name='ScoreList')
drop table ScoreList
go
create table ScoreList
(
    Id int identity(1,1) primary key,
    StudentId int not null,
    CSharp int null,
    SQLServerDB int null,
    UpdateTime smalldatetime not null
)
go
--创建管理员用户表
if exists(select * from sysobjects where name='Admins')
drop table Admins
create table Admins
(
	LoginId int identity(1000,1) primary key,
    LoginPwd varchar(20) not null,
    AdminName varchar(20) not null
)
go
--创建数据表的各种约束
use EFDB
go
--创建“主键”约束primary key
if exists(select * from sysobjects where name='pk_StudentId')
alter table Students drop constraint pk_StudentId

alter table Students
add constraint pk_StudentId primary key (StudentId)

--创建检查约束check
if exists(select * from sysobjects where name='ck_Age')
alter table Students drop constraint ck_Age
alter table Students
add constraint ck_Age check (Age between 18 and 35) 

--创建唯一约束unique
if exists(select * from sysobjects where name='uq_StudentIdNo')
alter table Students drop constraint uq_StudentIdNo
alter table Students
add constraint uq_StudentIdNo unique (StudentIdNo)

--创建身份证的长度检查约束
if exists(select * from sysobjects where name='ck_StudentIdNo')
alter table Students drop constraint ck_StudentIdNo
alter table Students
add constraint ck_StudentIdNo check (len(StudentIdNo)=18)

--创建默认约束 
if exists(select * from sysobjects where name='df_StudentAddress')
alter table Students drop constraint df_StudentAddress
alter table Students 
add constraint df_StudentAddress default ('地址不详' ) for StudentAddress

if exists(select * from sysobjects where name='df_UpdateTime')
alter table ScoreList drop constraint df_UpdateTime
alter table ScoreList 
add constraint df_UpdateTime default (getdate() ) for UpdateTime

--创建外键约束
if exists(select * from sysobjects where name='fk_classId')
alter table Students drop constraint fk_classId
alter table Students
add constraint fk_classId foreign key (ClassId) references StudentClass(ClassId)

if exists(select * from sysobjects where name='fk_StudentId')
alter table ScoreList drop constraint fk_StudentId
alter table ScoreList
add constraint fk_StudentId foreign key(StudentId) references Students(StudentId)


-------------------------------------------插入数据--------------------------------------
use EFDB
go

--插入班级数据
insert into StudentClass(ClassId,ClassName) values(1,'软件1班')
insert into StudentClass(ClassId,ClassName) values(2,'软件2班')
insert into StudentClass(ClassId,ClassName) values(3,'计算机1班')
insert into StudentClass(ClassId,ClassName) values(4,'计算机2班')
insert into StudentClass(ClassId,ClassName) values(5,'网络1班')
insert into StudentClass(ClassId,ClassName) values(6,'网络2班')

--插入学员信息
insert into Students (StudentName,Gender,Birthday,Age,StudentIdNo,PhoneNumber,StudentAddress,ClassId)
         values('王小虎','男','1989-08-07',22,120223198908071111,'022-22222222','天津市南开区红|公寓5-5-102',1)
insert into Students (StudentName,Gender,Birthday,Age,StudentIdNo,PhoneNumber,StudentAddress,ClassId)
         values('贺小张','女','1989-05-06',22,120223198905062426,'022-33333333','天津市河北区王串场58号',2)
insert into Students (StudentName,Gender,Birthday,Age,StudentIdNo,PhoneNumber,StudentAddress,ClassId)
         values('张好礼','男','1990-02-07',21,120223199002078915,'022-44444444','天津市红桥区丁字沽曙光路79号',4)
insert into Students (StudentName,Gender,Birthday,Age,StudentIdNo,PhoneNumber,StudentAddress,ClassId)
         values('冯小强','女','1987-05-12',24,130223198705125167,'022-55555555',default,2)
insert into Students (StudentName,Gender,Birthday,Age,StudentIdNo,PhoneNumber,StudentAddress,ClassId)
         values('杜小丽','女','1986-05-08',25,130223198605081528,'022-66666666','河北衡水路北道69号',1)
insert into Students (StudentName,Gender,Birthday,Age,StudentIdNo,PhoneNumber,StudentAddress,ClassId)
         values('张俊桥','男','1987-07-18',24,130223198707182235,'022-77777777',default,1)
insert into Students (StudentName,Gender,Birthday,Age,StudentIdNo,PhoneNumber,StudentAddress,ClassId)
         values('张永利','男','1988-09-28',26,130223198909282235,'022-88888888','河北保定市风华道12号',3)
insert into Students (StudentName,Gender,Birthday,Age,StudentIdNo,PhoneNumber,StudentAddress,ClassId)
         values('李铭','男','1987-01-18',24,130223198701182257,'022-99999999','河北邢台市幸福路5号',1)
insert into Students (StudentName,Gender,Birthday,Age,StudentIdNo,PhoneNumber,StudentAddress,ClassId)
         values('宁俊燕','女','1987-06-15',24,130223198706152211,'022-11111111',default,3)
insert into Students (StudentName,Gender,Birthday,Age,StudentIdNo,PhoneNumber,StudentAddress,ClassId)
         values('刘玲玲','女','1989-08-19',24,130223198908192235,'022-11111222',default,4)
         
         
         
--插入成绩信息
insert into ScoreList (StudentId,CSharp,SQLServerDB)values(100000,60,78)
insert into ScoreList (StudentId,CSharp,SQLServerDB)values(100001,55,88)
insert into ScoreList (StudentId,CSharp,SQLServerDB)values(100002,90,58)
insert into ScoreList (StudentId,CSharp,SQLServerDB)values(100003,88,75)

insert into ScoreList (StudentId,CSharp,SQLServerDB)values(100004,62,88)
insert into ScoreList (StudentId,CSharp,SQLServerDB)values(100006,52,80)
insert into ScoreList (StudentId,CSharp,SQLServerDB)values(100007,91,66)
insert into ScoreList (StudentId,CSharp,SQLServerDB)values(100009,78,35)

--插入管理员信息
insert into Admins (LoginPwd,AdminName) values(123456,'王晓军')
insert into Admins (LoginPwd,AdminName) values(123456,'张丽丽')

--显示学员信息和班级信息
select * from Students
select * from StudentClass
select * from ScoreList
select * from Admins





